Name, Genes_Exist, Link, Fetched
Human, True, https://genome-euro.ucsc.edu/cgi-bin/hgTracks?db=hg38&lastVirtModeType=default&lastVirtModeExtraState=&virtModeType=default&virtMode=0&nonVirtPosition=&position=chr3%3A46336070%2D46397539&hgsid=297589444_n7pmBjOOtoGTKWzUQARzf1BIgUV3, 
Chimp,
Bonobo,
Gorilla,
Orangutan,
Gibbon,
Green_monkey,
Crab-eating_macaque,
Rhesus,
Baboon(anubis),
Baboon(hamadryas),
Proboscis_monkey,
Golden_snub-nosed_monkey,
Marmoset,
Squirrel_monkey,
Tarsier,
Mouse_lemur,
Bushbaby,

Mouse,
Rat,
Chinese_hamster,
Kangaroo_rat,
Naked_mole-rat,
Guinea_pig,
Squirrel,
Rabbit,
Pika,
Malayan_flying_lemur,
Tree_shrew,

Hedgehog,
Shrew,

Pig,
Cow,
Bison,
Sheep,
Dolphin,
Minke_whale,
Alpaca,

Horse,
White_rhinoceros,
Dog,
Southern_sea_otter,
Ferret,
Hawaiian_monk_seal,
Panda,
Cat,

Megabat,
Chinese_pangolin,

Elephant,
Manatee,
Rock_hyrax,
Tenrec,
Armadillo,
Sloth,

Wallaby,
Tasmanian_devil,
Opossum,
Platypus,

Chicken,
Turkey,
Golden_eagle,
Zebra_finch,
Medium_ground_finch,
Budgerigar,
Brown_kiwi,
American_alligator,
Painted_turtle,
Lizard,
Garter_snake,
X.tropicalis,
African_clawed_frog,
Tibetan_frog,

Coelacanth,
Zebrafish,
Stickleback,
Fugu,
Tetraodon,
Medaka,
Nile_tilapia,
Atlantic_cod,
Elephant_shark,
Lamprey,
