"0","knitr::opts_chunk$set(echo = FALSE, warning = FALSE)"
"0","options(knitr.kable.NA = """")"
"0","source(""/home/kilicali/phi11/func/util.R"")"
"0",""
"0","#CSV paths"
"0","eqCSVpath <- ""/home/kilicali/phi11/data/labEquipment.csv"""
"0","reagentsCSVpath <- ""/home/kilicali/phi11/data/labReagents.csv"""
"0","disposablesCSVpath <- ""/home/kilicali/phi11/data/labDisposables.csv"""
"0","BECSVpath <- ""/home/kilicali/phi11/data/labBioEntities.csv"""
"0","containersCSVpath <- ""/home/kilicali/phi11/data/labContainers.csv"""
